PortNumber,AccNumber,AccName,AccCurrency,PolNumber,PolPerilsCovered,AccUserDef1
1,1,Resolution,AUD,1,AA1,OK
1,2,GeogScheme,AUD,2,AA1,OK
1,3,GeogSchemeFallback,AUD,3,AA1,OK
1,4,LocPerilsCovered,AUD,4,AA1,OK
1,5,LocPerilsCoveredNonX,AUD,5,AA1,OK
1,6,YearBuilt,AUD,6,AA1,OK
1,7,OccResidential,AUD,7,AA1,OK
1,8,OccCommercial,AUD,8,AA1,OK
1,9,OccIndustrial,AUD,9,AA1,OK
1,10,OccCommercial,AUD,10,AA1,OK
1,11,OccUnknown,AUD,11,AA1,OK
1,12,OccUndefined,AUD,12,AA1,OK
1,13,OccUnsupported,AUD,13,AA1,OK
1,14,ConMotor,AUD,14,AA1,OK
1,15,ConMotorBuilding,AUD,15,AA1,OK
1,16,ConMotorContents,AUD,16,AA1,OK
1,17,ConMotorBI,AUD,17,AA1,OK
1,18,ConUnknownUnsupportedForMotor,AUD,18,AA1,OK
1,19,Coverage,AUD,19,AA1,OK
1,20,CoverageMotorNeedConstructionCode,AUD,20,AA1,OK
